{"assets/images/.DS_Store":["assets/images/.DS_Store"],"assets/images/app_screen.png":["assets/images/app_screen.png"],"assets/images/app_store_badge.png":["assets/images/app_store_badge.png"],"assets/images/google_play_badge.png":["assets/images/google_play_badge.png"],"assets/images/logo.png":["assets/images/logo.png"],"assets/images/screenshots/screen1.png":["assets/images/screenshots/screen1.png"],"assets/images/screenshots/screen2.png":["assets/images/screenshots/screen2.png"],"assets/images/screenshots/screen3.png":["assets/images/screenshots/screen3.png"],"assets/images/screenshots/screen4.png":["assets/images/screenshots/screen4.png"],"assets/images/screenshots/screen5.png":["assets/images/screenshots/screen5.png"],"assets/images/screenshots/screen6.png":["assets/images/screenshots/screen6.png"],"assets/images/screenshots/screen7.png":["assets/images/screenshots/screen7.png"]}